{"min": [73.89999999999999], "max": [91.70000000000002]}